Id,Churn
105946,0.8618113547563553
101553,0.8466466218233109
468232,0.8326679766178131
249,0.995327353477478
452750,0.005428309785202146
300342,0.9950214177370071
318442,0.9922119677066803
458925,0.005034032627008855
324465,0.8291389793157578